Workbook

Sheet Rehber
A1: Kale Oyunu — Başlangıç Sayıları (v0.1)
A3: Bu tablo ne? | B3: İlk prototip için başlangıç değerleri. Kesin değil; savaş simülatörü ve ilk testler bu sayıları değiştirecek.
A4: Mavi yazı | B4: Değiştirebileceğin sayı (girdi).
A5: Siyah yazı | B5: Formül — kendi kendine hesaplanır, elle yazma.
A6: Sarı dolgu | B6: Dengeyi en çok etkileyen ayarlar. Önce bunlarla oyna.
A7: Faz 1 | B7: İlk oynanabilir prototipte olanlar.
A8: Faz 2 | B8: Arkadaşlarla ilk testten sonra eklenecekler (süvari, koçbaşı, orman, altın, paralı asker, olaylar).
A9: Zaman birimi | B9: Üretim değerleri 'kişi başına dakikada'. Sunucu saniyede 1 tick atar; tick başına üretim = dakika değeri / 60.
A10: Sekmeler | B10: Maç · Ekonomi · Birlikler · Karşılıklar · Binalar · Faz 2

Sheet Maç
A1: Maç kuralları
A3: Ayar | B3: Değer | C3: Birim | D3: Not
A4: Hazırlık oranı | B4: 0.33 | C4: maçın oranı | D4: Maç süresinin ne kadarı hazırlık.
A5: Kısa mod süresi | B5: 15 | C5: dk
A6: Kısa mod — hazırlık | B6: =ROUND(B5*B4,0) -> 5 | C6: dk
A7: Kısa mod — savaş | B7: =B5-B6 -> 10 | C7: dk
A8: Uzun mod süresi | B8: 30 | C8: dk
A9: Uzun mod — hazırlık | B9: =ROUND(B8*B4,0) -> 10 | C9: dk
A10: Uzun mod — savaş | B10: =B8-B9 -> 20 | C10: dk
A11: Oyuncu sayısı | B11: 2–4 | D11: Herkes kendi başına.
A12: Tick süresi | B12: 1 | C12: sn | D12: Sunucu her tick'te üretimi hesaplar ve durumu yollar.
A13: Başlangıç nüfusu | B13: 10 | C13: kişi
A14: Başlangıç yemek | B14: 30
A15: Başlangıç odun | B15: 20
A16: Başlangıç demir | B16: 10
A17: Gözcü görev süresi | B17: 45 | C17: sn | D17: Gidip dönme dahil. Gözcü de 1 kişidir, o sürede çalışmaz.
A18: Gözcü rapor hata payı | B18: 0.2 | C18: ± | D18: Birlik TÜRLERİ kesin, SAYILAR yaklaşık görünür. Blöf alanı açar.
A19: Saldırı yolculuk süresi | B19: 30 | C19: sn | D19: Ordu yola çıkınca hedefe varana kadar kalede değildir.
A20: Kıtlık başlangıcı | B20: 0.7 | C20: savaşın oranı | D20: Savaşın son %30'unda yemek üretimi düşer — beklemeyi cezalandırır.
A21: Kıtlık yemek çarpanı | B21: 0.5 | C21: ×
A22: Kale düşme koşulu | B22: Sur yıkılır + savunmada asker kalmaz
A23: Süre biterse kazanan | B23: En yüksek toplam nüfus (işçi + asker)

Sheet Ekonomi
A1: Ekonomi
A3: Meslek | B3: Ürettiği | C3: Kişi başı / dk (Sv1) | D3: Not
A4: Çiftçi | B4: Yemek | C4: 6 | D4: Tarla binasında çalışır.
A5: Oduncu | B5: Odun | C5: 5 | D5: Oduncu kampında çalışır.
A6: Madenci | B6: Demir | C6: 4 | D6: Madende çalışır. Demir odundan daha yavaş gelir, bu yüzden daha değerli.
A7: Demirci | B7: Silah | C7: — | D7: Demir + odun → silah. Süreler 'Birlikler' sekmesinde.
A8: Gözcü | B8: Bilgi | C8: — | D8: Rakibi izler ya da (Faz 2) ormanı keşfeder.
A9: Boşta | B9: — | C9: — | D9: Atanmamış kişi. Yemek yer, bir şey üretmez.
A11: Tüketim ve büyüme | B11: Değer | C11: Birim | D11: Not
A12: İşçi yemek tüketimi | B12: 1 | C12: yemek/dk
A13: Asker yemek tüketimi | B13: 1.5 | C13: yemek/dk | D13: Büyük ordu sürekli yük.
A14: Açlık cezası | B14: 0.5 | C14: üretim × | D14: Yemek 0'a düşerse tüm üretim yarıya iner.
A15: Yeni kişi taban maliyeti | B15: 15 | C15: yemek | D15: Nüfus 10 iken 1 kişi bu kadar yemek ister.
A16: Maliyet artışı (kişi başı) | B16: 0.12 | C16: % | D16: Her yeni kişi bir öncekinden bu kadar pahalı.
A17: Demirin odun karşılığı | B17: =C5/C6 -> 1.25 | C17: odun | D17: Oduncu hızı / madenci hızı. Birlik maliyet karşılaştırmasında kullanılır.
A19: Büyüme eğrisi — nüfus arttıkça yeni kişi ne kadar pahalı?
A20: Varsayım: nüfusun bu kadarı çiftçi | B20: 0.4 | D20: Bina kapasitesi ve askerlerin fazladan tüketimi bu örnekte yok sayıldı.
A22: Nüfus | B22: Yeni kişi maliyeti (yemek) | C22: Çiftçi sayısı | D22: Net yemek / dk | E22: 1 yeni kişi süresi (dk)
A23: 10 | B23: =ROUND($B$15*(1+$B$16)^(A23-10),0) -> 15 | C23: =ROUND(A23*$B$20,0) -> 4 | D23: =C23*$C$4-A23*$B$12 -> 14 | E23: =IF(D23>0,B23/D23,"büyümez") -> 1.0714286
A24: 12 | B24: =ROUND($B$15*(1+$B$16)^(A24-10),0) -> 19 | C24: =ROUND(A24*$B$20,0) -> 5 | D24: =C24*$C$4-A24*$B$12 -> 18 | E24: =IF(D24>0,B24/D24,"büyümez") -> 1.0555556
A25: 14 | B25: =ROUND($B$15*(1+$B$16)^(A25-10),0) -> 24 | C25: =ROUND(A25*$B$20,0) -> 6 | D25: =C25*$C$4-A25*$B$12 -> 22 | E25: =IF(D25>0,B25/D25,"büyümez") -> 1.0909091
A26: 16 | B26: =ROUND($B$15*(1+$B$16)^(A26-10),0) -> 30 | C26: =ROUND(A26*$B$20,0) -> 6 | D26: =C26*$C$4-A26*$B$12 -> 20 | E26: =IF(D26>0,B26/D26,"büyümez") -> 1.5
A27: 18 | B27: =ROUND($B$15*(1+$B$16)^(A27-10),0) -> 37 | C27: =ROUND(A27*$B$20,0) -> 7 | D27: =C27*$C$4-A27*$B$12 -> 24 | E27: =IF(D27>0,B27/D27,"büyümez") -> 1.5416667
A28: 20 | B28: =ROUND($B$15*(1+$B$16)^(A28-10),0) -> 47 | C28: =ROUND(A28*$B$20,0) -> 8 | D28: =C28*$C$4-A28*$B$12 -> 28 | E28: =IF(D28>0,B28/D28,"büyümez") -> 1.6785714
A29: 22 | B29: =ROUND($B$15*(1+$B$16)^(A29-10),0) -> 58 | C29: =ROUND(A29*$B$20,0) -> 9 | D29: =C29*$C$4-A29*$B$12 -> 32 | E29: =IF(D29>0,B29/D29,"büyümez") -> 1.8125
A30: 24 | B30: =ROUND($B$15*(1+$B$16)^(A30-10),0) -> 73 | C30: =ROUND(A30*$B$20,0) -> 10 | D30: =C30*$C$4-A30*$B$12 -> 36 | E30: =IF(D30>0,B30/D30,"büyümez") -> 2.0277778
A31: 26 | B31: =ROUND($B$15*(1+$B$16)^(A31-10),0) -> 92 | C31: =ROUND(A31*$B$20,0) -> 10 | D31: =C31*$C$4-A31*$B$12 -> 34 | E31: =IF(D31>0,B31/D31,"büyümez") -> 2.7058824
A32: 28 | B32: =ROUND($B$15*(1+$B$16)^(A32-10),0) -> 115 | C32: =ROUND(A32*$B$20,0) -> 11 | D32: =C32*$C$4-A32*$B$12 -> 38 | E32: =IF(D32>0,B32/D32,"büyümez") -> 3.0263158
A33: 30 | B33: =ROUND($B$15*(1+$B$16)^(A33-10),0) -> 145 | C33: =ROUND(A33*$B$20,0) -> 12 | D33: =C33*$C$4-A33*$B$12 -> 42 | E33: =IF(D33>0,B33/D33,"büyümez") -> 3.452381
A34: 32 | B34: =ROUND($B$15*(1+$B$16)^(A34-10),0) -> 182 | C34: =ROUND(A34*$B$20,0) -> 13 | D34: =C34*$C$4-A34*$B$12 -> 46 | E34: =IF(D34>0,B34/D34,"büyümez") -> 3.9565217
... A38: 40 | B38: =ROUND($B$15*(1+$B$16)^(A38-10),0) -> 449 | C38: =ROUND(A38*$B$20,0) -> 16 | D38: =C38*$C$4-A38*$B$12 -> 56 | E38: =IF(D38>0,B38/D38,"büyümez") -> 8.0178571

Sheet Birlikler
A1: Birlikler
A2: Her asker 1 işçiden eksilir — asıl maliyet kişi. Aşağıdaki kaynak maliyeti ikincil.
A4: Birlik | B4: Faz | C4: Silah | D4: Demir | E4: Odun | F4: Yemek | G4: Kişi | H4: Üretim süresi (sn) | I4: Can | J4: Hasar | K4: Saldırı aralığı (sn) | L4: DPS (hasar/sn) | M4: Menzil | N4: Sıra | O4: Yendiği | P4: Korktuğu | Q4: Kaynak değeri (odun karşılığı) | R4: Can×DPS / kaynak | S4: Özel
A5: Okçu | B5: 1 | C5: Yay | D5: 1 | E5: 4 | F5: 0 | G5: 1 | H5: 25 | I5: 60 | J5: 10 | K5: 1.2 | L5: =J5/K5 -> 8.3333333 | M5: Uzak | N5: Arka | O5: Kılıçlı | P5: Kalkanlı | Q5: =D5*Ekonomi!$B$17+E5+F5*Ekonomi!$C$5/Ekonomi!$C$4 -> 5.25 | R5: =I5*L5/Q5 -> 95.238095 | S5: Arkada durur; ön sıra düşene kadar hasar almaz. Surdaysa +%25 hasar.
A6: Kılıçlı | B6: 1 | C6: Kılıç | D6: 3 | E6: 2 | F6: 0 | G6: 1 | H6: 30 | I6: 100 | J6: 12 | K6: 1 | L6: =J6/K6 -> 12 | M6: Yakın | N6: Ön | O6: Mızrakçı | P6: Okçu | Q6: =D6*Ekonomi!$B$17+E6+F6*Ekonomi!$C$5/Ekonomi!$C$4 -> 5.75 | R6: =I6*L6/Q6 -> 208.69565 | S6: Dengeli, her işe yarar.
A7: Mızrakçı | B7: 1 | C7: Mızrak | D7: 1 | E7: 3 | F7: 0 | G7: 1 | H7: 20 | I7: 90 | J7: 11 | K7: 1.2 | L7: =J7/K7 -> 9.1666667 | M7: Yakın | N7: Ön | O7: Kalkanlı | P7: Kılıçlı | Q7: =D7*Ekonomi!$B$17+E7+F7*Ekonomi!$C$5/Ekonomi!$C$4 -> 4.25 | R7: =I7*L7/Q7 -> 194.11765 | S7: En ucuz ve en hızlı üretilen. Zırh delici.
A8: Kalkanlı | B8: 1 | C8: Kalkan + kısa kılıç | D8: 2 | E8: 3 | F8: 0 | G8: 1 | H8: 35 | I8: 150 | J8: 7 | K8: 1.3 | L8: =J8/K8 -> 5.3846154 | M8: Yakın | N8: Ön | O8: Okçu | P8: Mızrakçı | Q8: =D8*Ekonomi!$B$17+E8+F8*Ekonomi!$C$5/Ekonomi!$C$4 -> 5.5 | R8: =I8*L8/Q8 -> 146.85315 | S8: Tank. Az vurur, çok dayanır.
A9: Süvari | B9: 2 | C9: Mızrak + at | D9: 3 | E9: 2 | F9: 20 | G9: 1 | H9: 40 | I9: 110 | J9: 13 | K9: 1 | L9: =J9/K9 -> 13 | M9: Yakın | N9: Hızlı | O9: Okçu | P9: Mızrakçı | Q9: =D9*Ekonomi!$B$17+E9+F9*Ekonomi!$C$5/Ekonomi!$C$4 -> 22.416667 | R9: =I9*L9/Q9 -> 63.791822 | S9: Kaleye hasar vermez. Tarla yakar: rakibin yemek üretimi 60 sn ×0.5. Yolculuk süresi yarı.
A10: Koçbaşı | B10: 2 | C10: Koçbaşı | D10: 2 | E10: 10 | F10: 0 | G10: 2 | H10: 60 | I10: 300 | J10: 40 | K10: 3 | L10: =J10/K10 -> 13.333333 | M10: Yakın | N10: Ön | O10: Sur | P10: Her şey | Q10: =D10*Ekonomi!$B$17+E10+F10*Ekonomi!$C$5/Ekonomi!$C$4 -> 12.5 | R10: — | S10: Sadece sura vurur, birimlere saldırmaz. 2 kişi kullanır.
A12: Not: 'Can×DPS / kaynak' kaba bir verimlilik ölçüsü. Menzili, sırayı ve karşılıkları hesaba katmaz — okçu burada düşük görünür ama arka sırada hasar almadan vurur. Gerçek denge savaş simülatöründe ölçülecek.

Sheet Karşılıklar
A1: Karşılık matrisi — saldıranın verdiği hasar çarpanı
A3: Avantaj çarpanı | B3: 1.5 | D3: Saf taş-kağıt-makas değil: avantajlı birlik ×1.5 vurur, ama sayıca çok fazla olan taraf yine kazanabilir.
A4: Dezavantaj çarpanı | B4: 0.75 | D4: Döngü: Kalkanlı → Okçu → Kılıçlı → Mızrakçı → Kalkanlı. Süvari okçuyu ezer, mızrakçıdan kaçar.
A5: Nötr | B5: 1
A7: Saldıran ↓ / Savunan → | B7: Okçu | C7: Kılıçlı | D7: Mızrakçı | E7: Kalkanlı | F7: Süvari | G7: Koçbaşı
A8: Okçu | B8: =$B$5 -> 1 | C8: =$B$3 -> 1.5 | D8: =$B$5 -> 1 | E8: =$B$4 -> 0.75 | F8: =$B$4 -> 0.75 | G8: =$B$5 -> 1
A9: Kılıçlı | B9: =$B$4 -> 0.75 | C9: =$B$5 -> 1 | D9: =$B$3 -> 1.5 | E9: =$B$5 -> 1 | F9: =$B$5 -> 1 | G9: =$B$5 -> 1
A10: Mızrakçı | B10: =$B$5 -> 1 | C10: =$B$4 -> 0.75 | D10: =$B$5 -> 1 | E10: =$B$3 -> 1.5 | F10: =$B$3 -> 1.5 | G10: =$B$5 -> 1
A11: Kalkanlı | B11: =$B$3 -> 1.5 | C11: =$B$5 -> 1 | D11: =$B$4 -> 0.75 | E11: =$B$5 -> 1 | F11: =$B$5 -> 1 | G11: =$B$5 -> 1
A12: Süvari | B12: =$B$3 -> 1.5 | C12: =$B$5 -> 1 | D12: =$B$4 -> 0.75 | E12: =$B$5 -> 1 | F12: =$B$5 -> 1 | G12: =$B$5 -> 1
A13: Koçbaşı | B13: 0 | C13: 0 | D13: 0 | E13: 0 | F13: 0 | G13: 0
A15: Koçbaşı birimlere saldırmaz (0). Sura verdiği hasar 'Birlikler' sekmesinde. Yeşil = avantaj, kırmızı = dezavantaj.

Sheet Binalar
A1: Binalar
A2: Tarla, Oduncu kampı, Maden ve Demirhane aynı tabloyu kullanır (ilk prototip için sade). Demirhanede çarpan = silah üretim hızı.
A4: Seviye | B4: İşçi kapasitesi | C4: Üretim çarpanı | D4: Yükseltme: odun | E4: Yükseltme: demir | F4: Yükseltme süresi (sn) | G4: Görünüm
A5: 1 | B5: 4 | C5: 1 | D5: 0 | E5: 0 | F5: 0 | G5: Ahşap, küçük
A6: 2 | B6: 6 | C6: 1.5 | D6: 30 | E6: 10 | F6: 60 | G6: Taş temel, genişler
A7: 3 | B7: 8 | C7: 2 | D7: 60 | E7: 30 | F7: 90 | G7: Taş, bayraklı, en büyük hali
A9: Örnek: 3. seviye tarlada en fazla kaç yemek/dk? | D9: =B7*C7*Ekonomi!C4 -> 96
A11: Sur
A12: Seviye | B12: Can | C12: Yükseltme: odun | D12: Yükseltme: demir | E12: Yükseltme süresi (sn) | F12: Not
A13: 1 | B13: 500 | C13: 0 | D13: 0 | E13: 0 | F13: Başlangıçta var.
A14: 2 | B14: 1000 | C14: 40 | D14: 20 | E14: 90
A15: 3 | B15: 1800 | C15: 80 | D15: 50 | E15: 120
A17: Sur ayaktayken saldıran yakın dövüş birlikleri önce sura vurur. Surdaki savunan okçular +%25 hasar yapar. Koçbaşı olmadan sur yıkmak yavaş.
A18: Koçbaşı ile 3. seviye suru yıkma süresi (sn, tek koçbaşı): | E18: =B15/(Birlikler!J10/Birlikler!K10) -> 135

Sheet Faz 2
A1: Faz 2 — ilk testten sonra
A3: Orman (gözcü keşfeder)
A4: Nokta | B4: Gereken | C4: Altın (min) | D4: Altın (max) | E4: Kişi (min) | F4: Kişi (max) | G4: Not
A5: Sandık | B5: 1 gözcü | C5: 20 | D5: 40 | E5: 0 | F5: 0 | G5: Bulan alır.
A6: Köy | B6: En az 3 asker | C6: 40 | D6: 80 | E6: 2 | F6: 4 | G6: Yağmalanınca yok olur. Asker göndermek = o sürede savunma eksik.
A7: Haydut kampı | B7: 6 haydut (kılıçlı statlı) yenilmeli | C7: 60 | D7: 100 | E7: 0 | F7: 0 | G7: Ayrıca 4 hazır silah verir.
A8: Keşif süresi: 60 sn. Ormandaki noktalar her maçta rastgele dağılır.
A10: Paralı askerler (altının harcandığı yer)
A11: Birlik | B11: Altın | C11: Yemek / dk | D11: Nüfustan düşer mi? | E11: Not
A12: Okçu | B12: 25 | C12: =Ekonomi!$B$13 -> 1.5 | D12: Hayır | E12: İşçiye dönüşemez. Kişi kaybetmeden ordu büyütmenin tek yolu.
A13: Kılıçlı | B13: 25 | C13: =Ekonomi!$B$13 -> 1.5 | D13: Hayır | E13: İşçiye dönüşemez. Kişi kaybetmeden ordu büyütmenin tek yolu.
A14: Mızrakçı | B14: 20 | C14: =Ekonomi!$B$13 -> 1.5 | D14: Hayır | E14: İşçiye dönüşemez. Kişi kaybetmeden ordu büyütmenin tek yolu.
A15: Kalkanlı | B15: 30 | C15: =Ekonomi!$B$13 -> 1.5 | D15: Hayır | E15: İşçiye dönüşemez. Kişi kaybetmeden ordu büyütmenin tek yolu.
A17: Maç olayları
A18: Olay | B18: Etki | C18: Süre (sn) | D18: Not
A19: Kıtlık | B19: Tüm tarlalar ×0.5 | C19: 60 | D19: Faz 1'deki savaş sonu kıtlığından ayrı, rastgele gelir.
A20: Haydut baskını | B20: En az savunması olan kaleye 5 haydut saldırır | C20: 0 | D20: Pasif oynamayı cezalandırır.
A21: Sis | B21: Gözcüler bilgi getiremez | C21: 90
A22: Göçmenler | B22: Ormanda 4 kişilik köy belirir; ilk varan alır | C22: 0 | D22: Herkesi ormana koşturur.
